{
  "products": [
    {
      "id": "1",
      "name": "Sakura Kinomoto",
      "size": 15,
      "price": 45000,
      "stock": 15,
      "url": "https://www.manga-news.com/public/images/goodies/card-captor-sakura-clear-card-arc-sakura-kinomoto-rocket-beat-souyokusha-1.jpg"
    },
    {
      "id": "2",
      "name": "Spider Gwen",
      "size": 30,
      "price": 85000,
      "stock": 24,
      "url": "https://i.pinimg.com/originals/00/d7/03/00d703671666de7df936c31971ee9036.jpg"
    },
    {
      "id": "4",
      "name": "Bombom",
      "size": 10,
      "price": 25000,
      "stock": 33,
      "url": "https://img.smyk.com/https://bin.smyk.com/media/product/390/5/atomowki-bojka-breloczek-z-figurka-6098064.jpg"
    },
    {
      "id": "b2a2",
      "name": "Majin Vegueta",
      "size": "45",
      "price": "100000",
      "stock": "2",
      "url": "https://i.pinimg.com/originals/97/ff/6b/97ff6b3d37381dad9dc3eeb970621b11.jpg"
    },
    {
      "id": "7562",
      "name": "Buu",
      "size": "30",
      "price": "60000",
      "stock": "10",
      "url": "https://item-shopping.c.yimg.jp/i/n/izutonchan_ton05_2_d_20230507141513"
    },
    {
      "id": "7bf7",
      "name": "Gohan SSJ2 ",
      "size": "30",
      "price": "70000",
      "stock": "46",
      "url": "https://http2.mlstatic.com/action-figure-gohan-ssj2-dragon-ball-z-25cm-D_NQ_NP_892630-MLB26327928803_112017-F.jpg"
    },
    {
      "id": "80d8",
      "name": "Shogun Raiden",
      "size": "30",
      "price": "75000",
      "stock": "89",
      "url": "https://genshinstar.com/wp-content/uploads/2023/01/Raiden-Shogun-Musou-Shinsetsu-Action-Figure-01-990x990.jpg"
    },
    {
      "id": "0fae",
      "name": "Hatsume Miku",
      "size": "15",
      "price": "45000",
      "stock": "41",
      "url": "https://www.hlj.com/productimages/unc/unc71420_0.jpg"
    },
    {
      "id": "ed1f",
      "name": "May Shiranui",
      "size": "8",
      "price": "25000",
      "stock": "78",
      "url": "https://n.sinaimg.cn/games/transform/20161021/lS6B-fxwztrw3509708.jpg"
    },
    {
      "id": "4901",
      "name": "Spider Gwen",
      "size": "15",
      "price": "50000",
      "stock": "22",
      "url": "https://i.etsystatic.com/23343488/r/il/74e355/5491730661/il_794xN.5491730661_lyqn.jpg"
    },
    {
      "id": "a8cd",
      "name": "Shun Lee",
      "size": "25",
      "price": "78000",
      "stock": "74",
      "url": "https://i.etsystatic.com/48545695/r/il/f78df1/5998728948/il_794xN.5998728948_3bu0.jpg"
    },
    {
      "id": "569a",
      "name": "Himiko",
      "size": "15",
      "price": "45000",
      "stock": "70",
      "url": "https://i.etsystatic.com/44350968/r/il/33a483/5765462126/il_794xN.5765462126_ldr3.jpg"
    },
    {
      "id": "3461",
      "name": "Jessie",
      "size": "15",
      "price": "30000",
      "stock": "98",
      "url": "https://i.etsystatic.com/31482480/r/il/8592e6/5096129467/il_794xN.5096129467_cj86.jpg"
    },
    {
      "id": "545b",
      "name": "Elastigirl",
      "size": "25",
      "price": "65000",
      "stock": "19",
      "url": "https://i.etsystatic.com/41432122/r/il/d40da5/5082157220/il_794xN.5082157220_1a2c.jpg"
    }
  ]
}